Norris,Jorden,007-185-6359
Kennedy,Silas,601-706-1777
Dickson,Phoebe,429-571-6872
Lester,Vivian,912-917-6494
Lane,Raven,554-155-9072
Glass,Rina,265-446-4967
Lewis,Cora,585-760-0449
Buckner,Tana,267-206-4269
Chavez,Ginger,192-888-9507
Briggs,Laurel,062-421-8108
Owen,India,065-019-8717
Buchanan,Amethyst,931-688-7058
Hahn,Blaine,334-096-5341
Anderson,Yeo,656-644-0879
Castillo,Dominic,143-609-6142
Cameron,Preston,459-976-7806
Morrow,Donovan,749-222-8138
Sloan,Fitzgerald,448-382-6577
Dunn,Veda,133-684-2163
Abbott,Sigourney,631-699-7165
Rollins,Madaline,586-523-8409
Cobb,Stephen,352-457-4264
Howe,Camden,481-834-6708
Hayden,Samuel,778-799-4119
Barron,Briar,275-207-7681
Gordon,Ignacia,824-475-7695
Stevens,Conan,342-411-1216
Calhoun,Latifah,873-398-9849
Johnston,Gail,487-353-9954
Bradshaw,Lamar,238-910-1045
Dale,Josiah,415-723-5007
Clemons,Bo,679-558-3828
Myers,Nina,963-766-9458
Molina,Garrison,915-486-0793
Mckenzie,Audra,419-152-7292
Perkins,Sylvester,393-289-5139
Holland,Lilah,536-359-3515
Peck,Aretha,745-413-9701
Rose,Uriel,484-839-6059
Mcmahon,Colin,949-217-0756
Joyner,Joseph,378-636-2145
Mooney,Keegan,570-312-1575
Haney,Emi,135-366-4932
Figueroa,Gabriel,836-267-4548
Hooper,Adara,285-172-2017
Moss,Melissa,244-233-3969
Bowen,Ivan,918-970-7843
Chaney,Dana,913-638-6530
Quinn,Garrison,655-954-9120
Kramer,Camilla,606-814-2970
Carson,Candice,775-468-6244
Watts,Sheila,307-839-7915
Christian,Ross,393-736-4969
Mckenzie,Sloane,917-313-1826
Wiggins,Baker,164-589-5011
Tyler,Kuame,582-213-5494
Mccarty,Harrison,217-870-0604
Bright,Fletcher,280-260-5442
Boyd,Rahim,170-078-1986
Mcleod,Grace,410-564-6108
Durham,Rosalyn,176-642-8431
Strong,Lyle,838-891-8102
Bolton,Talon,193-472-1210
Faulkner,Macy,333-371-5981
Mclaughlin,Jasper,637-595-4240
Simmons,Macon,199-638-5319
Winters,Talon,602-050-2690
Walter,Zephania,346-805-8563
Dunn,Madeson,502-067-0243
Alexander,Bethany,912-338-7306
Justice,Amena,962-040-4033
Carey,Abra,793-020-7587
Barry,Cassady,806-467-0093
Warren,Wang,741-503-0782
Alford,Nadine,274-579-0097
Blevins,Wesley,579-066-7011
Baldwin,Laith,229-062-6677
Rojas,Suki,482-526-1239
Gallegos,Sacha,073-998-7028
Clemons,Lucas,775-540-1231
Bright,Keely,324-236-3183
Mendoza,Danielle,066-444-2022
Roth,Melvin,420-096-0219
Hoffman,Joel,435-757-1167
Richmond,Sandra,544-050-9026
Haney,Amery,129-280-2081
Randall,Rhiannon,719-758-3240
Wiggins,Linda,646-556-3211
Nixon,Demetria,738-295-0631
Brady,Daryl,013-263-6763
Watts,Garth,300-691-2890
Delacruz,Tatyana,744-007-8266
Grant,Camilla,327-424-0856
Steele,Cameran,715-511-5646
Barrett,Quyn,208-272-1953
Martin,Oren,828-979-2618
Humphrey,Colby,942-826-8264
Sims,Adena,379-976-7544
Wells,Damon,325-362-4954
Hickman,Indira,074-151-5868
